-- Member table data
INSERT INTO member (id, reg_date, email, password, profile_img, profile_name)
VALUES (1, '2024-10-14 11:00:00', 'user1@example.com', 'password1', 'https://example.com/user1.png', 'User One');
INSERT INTO member (id, reg_date, email, password, profile_img, profile_name)
VALUES (2, '2024-10-14 11:00:00', 'user2@example.com', 'password2', 'https://example.com/user2.png', 'User Two');
INSERT INTO member (id, reg_date, email, password, profile_img, profile_name)
VALUES (3, '2024-10-14 11:00:00', 'user3@example.com', 'password3', 'https://example.com/user3.png', 'User Three');
INSERT INTO member (id, reg_date, email, password, profile_img, profile_name)
VALUES (4, '2024-10-14 11:00:00', 'user4@example.com', 'password4', 'https://example.com/user4.png', 'User Four');
INSERT INTO member (id, reg_date, email, password, profile_img, profile_name)
VALUES (5, '2024-10-14 11:00:00', 'user5@example.com', 'password5', 'https://example.com/user5.png', 'User Five');

-- Website table data
INSERT INTO website (id, reg_date, name, url, member_id)
VALUES (1, '2024-10-14 12:00:00', 'Example Website 1', 'https://example1.com', 1);
INSERT INTO website (id, reg_date, name, url, member_id)
VALUES (2, '2024-10-14 12:00:00', 'Example Website 2', 'https://example2.com', 1);
INSERT INTO website (id, reg_date, name, url, member_id)
VALUES (3, '2024-10-14 12:00:00', 'Example Website 3', 'https://example3.com', 1);
INSERT INTO website (id, reg_date, name, url, member_id)
VALUES (4, '2024-10-14 12:00:00', 'Example Website 4', 'https://example4.com', 2);
INSERT INTO website (id, reg_date, name, url, member_id)
VALUES (5, '2024-10-14 12:00:00', 'Example Website 5', 'https://example5.com', 2);
INSERT INTO website (id, reg_date, name, url, member_id)
VALUES (6, '2024-10-14 12:00:00', 'Example Website 6', 'https://example6.com', 2);
INSERT INTO website (id, reg_date, name, url, member_id)
VALUES (7, '2024-10-14 12:00:00', 'Example Website 7', 'https://example7.com', 3);
INSERT INTO website (id, reg_date, name, url, member_id)
VALUES (8, '2024-10-14 12:00:00', 'Example Website 8', 'https://example8.com', 3);
INSERT INTO website (id, reg_date, name, url, member_id)
VALUES (9, '2024-10-14 12:00:00', 'Example Website 9', 'https://example9.com', 3);
INSERT INTO website (id, reg_date, name, url, member_id)
VALUES (10, '2024-10-14 12:00:00', 'Example Website 10', 'https://example10.com', 4);
INSERT INTO website (id, reg_date, name, url, member_id)
VALUES (11, '2024-10-14 12:00:00', 'Example Website 11', 'https://example11.com', 4);
INSERT INTO website (id, reg_date, name, url, member_id)
VALUES (12, '2024-10-14 12:00:00', 'Example Website 12', 'https://example12.com', 4);
INSERT INTO website (id, reg_date, name, url, member_id)
VALUES (13, '2024-10-14 12:00:00', 'Example Website 13', 'https://example13.com', 5);
INSERT INTO website (id, reg_date, name, url, member_id)
VALUES (14, '2024-10-14 12:00:00', 'Example Website 14', 'https://example14.com', 5);
INSERT INTO website (id, reg_date, name, url, member_id)
VALUES (15, '2024-10-14 12:00:00', 'Example Website 15', 'https://example15.com', 5);
INSERT INTO website (id, reg_date, name, url, member_id)
VALUES (16, '2024-10-14 12:00:00', 'Example Website 16', 'https://example16.com', 1);
INSERT INTO website (id, reg_date, name, url, member_id)
VALUES (17, '2024-10-14 12:00:00', 'Example Website 17', 'https://example17.com', 1);
INSERT INTO website (id, reg_date, name, url, member_id)
VALUES (18, '2024-10-14 12:00:00', 'Example Website 18', 'https://example18.com', 2);
INSERT INTO website (id, reg_date, name, url, member_id)
VALUES (19, '2024-10-14 12:00:00', 'Example Website 19', 'https://example19.com', 2);
INSERT INTO website (id, reg_date, name, url, member_id)
VALUES (20, '2024-10-14 12:00:00', 'Example Website 20', 'https://example20.com', 3);
INSERT INTO website (id, reg_date, name, url, member_id)
VALUES (21, '2024-10-14 12:00:00', 'Example Website 21', 'https://example21.com', 3);
INSERT INTO website (id, reg_date, name, url, member_id)
VALUES (22, '2024-10-14 12:00:00', 'Example Website 22', 'https://example22.com', 4);
INSERT INTO website (id, reg_date, name, url, member_id)
VALUES (23, '2024-10-14 12:00:00', 'Example Website 23', 'https://example23.com', 4);
INSERT INTO website (id, reg_date, name, url, member_id)
VALUES (24, '2024-10-14 12:00:00', 'Example Website 24', 'https://example24.com', 5);
INSERT INTO website (id, reg_date, name, url, member_id)
VALUES (25, '2024-10-14 12:00:00', 'Example Website 25', 'https://example25.com', 1);
INSERT INTO website (id, reg_date, name, url, member_id)
VALUES (26, '2024-10-14 12:00:00', 'Example Website 26', 'https://example26.com', 2);
INSERT INTO website (id, reg_date, name, url, member_id)
VALUES (27, '2024-10-14 12:00:00', 'Example Website 27', 'https://example27.com', 3);
INSERT INTO website (id, reg_date, name, url, member_id)
VALUES (28, '2024-10-14 12:00:00', 'Example Website 28', 'https://example28.com', 4);
INSERT INTO website (id, reg_date, name, url, member_id)
VALUES (29, '2024-10-14 12:00:00', 'Example Website 29', 'https://example29.com', 5);
INSERT INTO website (id, reg_date, name, url, member_id)
VALUES (30, '2024-10-14 12:00:00', 'Example Website 30', 'https://example30.com', 1);
-- Category table data
-- 대분류
INSERT INTO category (name, parent_id) VALUES ('전체', NULL);
INSERT INTO category (name, parent_id) VALUES ('프로그래밍', LAST_INSERT_ID());
INSERT INTO category (name, parent_id) VALUES ('커뮤니티', LAST_INSERT_ID());
INSERT INTO category (name, parent_id) VALUES ('패션', LAST_INSERT_ID());
INSERT INTO category (name, parent_id) VALUES ('요리', LAST_INSERT_ID());
INSERT INTO category (name, parent_id) VALUES ('디자인', LAST_INSERT_ID());
INSERT INTO category (name, parent_id) VALUES ('AI', LAST_INSERT_ID());
INSERT INTO category (name, parent_id) VALUES ('음악', LAST_INSERT_ID());
INSERT INTO category (name, parent_id) VALUES ('게임', LAST_INSERT_ID());
INSERT INTO category (name, parent_id) VALUES ('반려동물', LAST_INSERT_ID());
INSERT INTO category (name, parent_id) VALUES ('뷰티', LAST_INSERT_ID());

-- 중분류
INSERT INTO category (name, parent_id) VALUES ('전체', (SELECT id FROM category WHERE name='프로그래밍'));
INSERT INTO category (name, parent_id) VALUES ('언어', (SELECT id FROM category WHERE name='프로그래밍'));
INSERT INTO category (name, parent_id) VALUES ('IDE/통합개발환경', (SELECT id FROM category WHERE name='프로그래밍'));
INSERT INTO category (name, parent_id) VALUES ('API', (SELECT id FROM category WHERE name='프로그래밍'));
INSERT INTO category (name, parent_id) VALUES ('Framework', (SELECT id FROM category WHERE name='프로그래밍'));
INSERT INTO category (name, parent_id) VALUES ('Library', (SELECT id FROM category WHERE name='프로그래밍'));
INSERT INTO category (name, parent_id) VALUES ('Server', (SELECT id FROM category WHERE name='프로그래밍'));

-- 소분류
INSERT INTO category (name, parent_id) VALUES ('Assembly', (SELECT id FROM category WHERE name='언어'));
INSERT INTO category (name, parent_id) VALUES ('C', (SELECT id FROM category WHERE name='언어'));
INSERT INTO category (name, parent_id) VALUES ('C++', (SELECT id FROM category WHERE name='언어'));
INSERT INTO category (name, parent_id) VALUES ('C#', (SELECT id FROM category WHERE name='언어'));
INSERT INTO category (name, parent_id) VALUES ('GO', (SELECT id FROM category WHERE name='언어'));
INSERT INTO category (name, parent_id) VALUES ('JAVA', (SELECT id FROM category WHERE name='언어'));
INSERT INTO category (name, parent_id) VALUES ('Java Script', (SELECT id FROM category WHERE name='언어'));
INSERT INTO category (name, parent_id) VALUES ('Objective-C', (SELECT id FROM category WHERE name='언어'));
INSERT INTO category (name, parent_id) VALUES ('PHP', (SELECT id FROM category WHERE name='언어'));
INSERT INTO category (name, parent_id) VALUES ('Python', (SELECT id FROM category WHERE name='언어'));
INSERT INTO category (name, parent_id) VALUES ('R', (SELECT id FROM category WHERE name='언어'));
INSERT INTO category (name, parent_id) VALUES ('Rust', (SELECT id FROM category WHERE name='언어'));
INSERT INTO category (name, parent_id) VALUES ('Swift', (SELECT id FROM category WHERE name='언어'));
INSERT INTO category (name, parent_id) VALUES ('.Net', (SELECT id FROM category WHERE name='언어'));
INSERT INTO category (name, parent_id) VALUES ('TypeScript', (SELECT id FROM category WHERE name='언어'));

-- WebsiteImage table data
INSERT INTO website_image (id, is_default, website_id, src)
VALUES (1, TRUE, 1, 'https://example1.com/images/logo1.png');
INSERT INTO website_image (id, is_default, website_id, src)
VALUES (2, FALSE, 1, 'https://example1.com/images/logo2.png');
INSERT INTO website_image (id, is_default, website_id, src)
VALUES (3, FALSE, 1, 'https://example1.com/images/logo3.png');
INSERT INTO website_image (id, is_default, website_id, src)
VALUES (4, TRUE, 2, 'https://example2.com/images/logo1.png');
INSERT INTO website_image (id, is_default, website_id, src)
VALUES (5, FALSE, 2, 'https://example2.com/images/logo2.png');
INSERT INTO website_image (id, is_default, website_id, src)
VALUES (6, FALSE, 2, 'https://example2.com/images/logo3.png');
INSERT INTO website_image (id, is_default, website_id, src)
VALUES (7, TRUE, 3, 'https://example3.com/images/logo1.png');
INSERT INTO website_image (id, is_default, website_id, src)
VALUES (8, FALSE, 3, 'https://example3.com/images/logo2.png');
INSERT INTO website_image (id, is_default, website_id, src)
VALUES (9, FALSE, 3, 'https://example3.com/images/logo3.png');
INSERT INTO website_image (id, is_default, website_id, src)
VALUES (10, TRUE, 4, 'https://example4.com/images/logo1.png');
INSERT INTO website_image (id, is_default, website_id, src)
VALUES (11, FALSE, 4, 'https://example4.com/images/logo2.png');
INSERT INTO website_image (id, is_default, website_id, src)
VALUES (12, FALSE, 4, 'https://example4.com/images/logo3.png');
INSERT INTO website_image (id, is_default, website_id, src)
VALUES (13, TRUE, 5, 'https://example5.com/images/logo1.png');
INSERT INTO website_image (id, is_default, website_id, src)
VALUES (14, FALSE, 5, 'https://example5.com/images/logo2.png');
INSERT INTO website_image (id, is_default, website_id, src)
VALUES (15, FALSE, 5, 'https://example5.com/images/logo3.png');
INSERT INTO website_image (id, is_default, website_id, src)
VALUES (16, TRUE, 6, 'https://example6.com/images/logo1.png');
INSERT INTO website_image (id, is_default, website_id, src)
VALUES (17, FALSE, 6, 'https://example6.com/images/logo2.png');
INSERT INTO website_image (id, is_default, website_id, src)
VALUES (18, FALSE, 6, 'https://example6.com/images/logo3.png');
INSERT INTO website_image (id, is_default, website_id, src)
VALUES (19, TRUE, 7, 'https://example7.com/images/logo1.png');
INSERT INTO website_image (id, is_default, website_id, src)
VALUES (20, FALSE, 7, 'https://example7.com/images/logo2.png');
INSERT INTO website_image (id, is_default, website_id, src)
VALUES (21, FALSE, 7, 'https://example7.com/images/logo3.png');
INSERT INTO website_image (id, is_default, website_id, src)
VALUES (22, TRUE, 8, 'https://example8.com/images/logo1.png');
INSERT INTO website_image (id, is_default, website_id, src)
VALUES (23, FALSE, 8, 'https://example8.com/images/logo2.png');
INSERT INTO website_image (id, is_default, website_id, src)
VALUES (24, FALSE, 8, 'https://example8.com/images/logo3.png');
INSERT INTO website_image (id, is_default, website_id, src)
VALUES (25, TRUE, 9, 'https://example9.com/images/logo1.png');
INSERT INTO website_image (id, is_default, website_id, src)
VALUES (26, FALSE, 9, 'https://example9.com/images/logo2.png');
INSERT INTO website_image (id, is_default, website_id, src)
VALUES (27, FALSE, 9, 'https://example9.com/images/logo3.png');
INSERT INTO website_image (id, is_default, website_id, src)
VALUES (28, TRUE, 10, 'https://example10.com/images/logo1.png');
INSERT INTO website_image (id, is_default, website_id, src)
VALUES (29, FALSE, 10, 'https://example10.com/images/logo2.png');
INSERT INTO website_image (id, is_default, website_id, src)
VALUES (30, FALSE, 10, 'https://example10.com/images/logo3.png');
INSERT INTO website_image (id, is_default, website_id, src)
VALUES (31, TRUE, 11, 'https://example11.com/images/logo1.png');
INSERT INTO website_image (id, is_default, website_id, src)
VALUES (32, FALSE, 11, 'https://example11.com/images/logo2.png');
INSERT INTO website_image (id, is_default, website_id, src)
VALUES (33, FALSE, 11, 'https://example11.com/images/logo3.png');
INSERT INTO website_image (id, is_default, website_id, src)
VALUES (34, TRUE, 12, 'https://example12.com/images/logo1.png');
INSERT INTO website_image (id, is_default, website_id, src)
VALUES (35, FALSE, 12, 'https://example12.com/images/logo2.png');
INSERT INTO website_image (id, is_default, website_id, src)
VALUES (36, FALSE, 12, 'https://example12.com/images/logo3.png');
INSERT INTO website_image (id, is_default, website_id, src)
VALUES (37, TRUE, 13, 'https://example13.com/images/logo1.png');
INSERT INTO website_image (id, is_default, website_id, src)
VALUES (38, FALSE, 13, 'https://example13.com/images/logo2.png');
INSERT INTO website_image (id, is_default, website_id, src)
VALUES (39, FALSE, 13, 'https://example13.com/images/logo3.png');
INSERT INTO website_image (id, is_default, website_id, src)
VALUES (40, TRUE, 14, 'https://example14.com/images/logo1.png');
INSERT INTO website_image (id, is_default, website_id, src)
VALUES (41, FALSE, 14, 'https://example14.com/images/logo2.png');
INSERT INTO website_image (id, is_default, website_id, src)
VALUES (42, FALSE, 14, 'https://example14.com/images/logo3.png');
INSERT INTO website_image (id, is_default, website_id, src)
VALUES (43, TRUE, 15, 'https://example15.com/images/logo1.png');
INSERT INTO website_image (id, is_default, website_id, src)
VALUES (44, FALSE, 15, 'https://example15.com/images/logo2.png');
INSERT INTO website_image (id, is_default, website_id, src)
VALUES (45, FALSE, 15, 'https://example15.com/images/logo3.png');
INSERT INTO website_image (id, is_default, website_id, src)
VALUES (46, TRUE, 16, 'https://example16.com/images/logo1.png');
INSERT INTO website_image (id, is_default, website_id, src)
VALUES (47, FALSE, 16, 'https://example16.com/images/logo2.png');
INSERT INTO website_image (id, is_default, website_id, src)
VALUES (48, FALSE, 16, 'https://example16.com/images/logo3.png');
INSERT INTO website_image (id, is_default, website_id, src)
VALUES (49, TRUE, 17, 'https://example17.com/images/logo1.png');
INSERT INTO website_image (id, is_default, website_id, src)
VALUES (50, FALSE, 17, 'https://example17.com/images/logo2.png');
INSERT INTO website_image (id, is_default, website_id, src)
VALUES (51, FALSE, 17, 'https://example17.com/images/logo3.png');
INSERT INTO website_image (id, is_default, website_id, src)
VALUES (52, TRUE, 18, 'https://example18.com/images/logo1.png');
INSERT INTO website_image (id, is_default, website_id, src)
VALUES (53, FALSE, 18, 'https://example18.com/images/logo2.png');
INSERT INTO website_image (id, is_default, website_id, src)
VALUES     (54, FALSE, 18, 'https://example18.com/images/logo3.png');
INSERT INTO website_image (id, is_default, website_id, src)
VALUES     (55, TRUE, 19, 'https://example19.com/images/logo1.png');
INSERT INTO website_image (id, is_default, website_id, src)
VALUES     (56, FALSE, 19, 'https://example19.com/images/logo2.png');
INSERT INTO website_image (id, is_default, website_id, src)
VALUES     (57, FALSE, 19, 'https://example19.com/images/logo3.png');
INSERT INTO website_image (id, is_default, website_id, src)
VALUES     (58, TRUE, 20, 'https://example20.com/images/logo1.png');
INSERT INTO website_image (id, is_default, website_id, src)
VALUES     (59, FALSE, 20, 'https://example20.com/images/logo2.png');
INSERT INTO website_image (id, is_default, website_id, src)
VALUES     (60, FALSE, 20, 'https://example20.com/images/logo3.png');

